<assembly xmlns="http://maven.apache.org/plugins/maven-assembly-plugin/assembly/1.1.3" xmlns:xsi="http://www.w3.org/2001/XMLSchema-instance"
  xsi:schemaLocation="http://maven.apache.org/plugins/maven-assembly-plugin/assembly/1.1.3 http://maven.apache.org/xsd/assembly-1.1.3.xsd">
	<id>dependencies</id>
	<formats> 
		<format>zip</format>
	</formats>
  
	<dependencySets>
		<dependencySet>
            <useProjectArtifact>false</useProjectArtifact>	
            <outputDirectory>lib</outputDirectory>
            <unpack>false</unpack>	
		</dependencySet>
	</dependencySets>
	
</assembly>