<assembly xmlns="http://maven.apache.org/plugins/maven-assembly-plugin/assembly/1.1.3" 
  xmlns:xsi="http://www.w3.org/2001/XMLSchema-instance"
  xsi:schemaLocation="http://maven.apache.org/plugins/maven-assembly-plugin/assembly/1.1.3 http://maven.apache.org/xsd/assembly-1.1.3.xsd">
  <id>project</id>
  <formats>
    <format>zip</format>
  </formats>
  <fileSets>
    <fileSet>
      <directory>${project.basedir}</directory>
      <outputDirectory>./</outputDirectory>
      <useDefaultExcludes>true</useDefaultExcludes>
      <excludes>
        <exclude>${project.basedir}/bin/**</exclude>
        <exclude>**/*.log</exclude>
        <exclude>**/${project.build.directory}/**</exclude>
      </excludes>
    </fileSet>
  </fileSets>
</assembly>